sample_row,true_digit,predicted_digit
1,0,8
2,0,0
3,0,0
4,0,0
5,0,0
6,0,0
7,0,0
8,0,0
9,0,0
10,0,0
11,0,0
12,0,0
13,0,0
14,0,0
15,0,0
16,0,0
17,0,0
18,0,0
19,0,0
20,0,0
21,1,1
22,1,1
23,1,1
24,1,1
25,1,1
26,1,1
27,1,1
28,1,1
29,1,1
30,1,1
31,1,1
32,1,1
33,1,1
34,1,1
35,1,1
36,1,1
37,1,1
38,1,1
39,1,1
40,1,1
41,2,2
42,2,2
43,2,2
44,2,2
45,2,2
46,2,2
47,2,2
48,2,2
49,2,2
50,2,2
51,2,2
52,2,2
53,2,2
54,2,2
55,2,2
56,2,2
57,2,2
58,2,2
59,2,2
60,2,2
61,3,3
62,3,3
63,3,3
64,3,3
65,3,3
66,3,1
67,3,3
68,3,3
69,3,3
70,3,3
71,3,3
72,3,3
73,3,3
74,3,3
75,3,3
76,3,3
77,3,3
78,3,3
79,3,3
80,3,3
81,4,4
82,4,4
83,4,1
84,4,4
85,4,4
86,4,4
87,4,4
88,4,4
89,4,4
90,4,4
91,4,4
92,4,4
93,4,4
94,4,4
95,4,4
96,4,4
97,4,4
98,4,4
99,4,1
100,4,4
101,5,5
102,5,5
103,5,5
104,5,5
105,5,5
106,5,5
107,5,5
108,5,5
109,5,5
110,5,5
111,5,5
112,5,5
113,5,5
114,5,5
115,5,5
116,5,5
117,5,5
118,5,5
119,5,5
120,5,5
121,6,6
122,6,6
123,6,6
124,6,6
125,6,6
126,6,6
127,6,6
128,6,6
129,6,6
130,6,6
131,6,6
132,6,6
133,6,6
134,6,6
135,6,6
136,6,6
137,6,6
138,6,5
139,6,6
140,6,6
141,7,7
142,7,7
143,7,7
144,7,7
145,7,7
146,7,1
147,7,7
148,7,7
149,7,7
150,7,7
151,7,7
152,7,7
153,7,1
154,7,7
155,7,7
156,7,7
157,7,7
158,7,7
159,7,7
160,7,7
161,8,8
162,8,8
163,8,2
164,8,8
165,8,8
166,8,8
167,8,8
168,8,8
169,8,8
170,8,2
171,8,8
172,8,8
173,8,8
174,8,2
175,8,8
176,8,8
177,8,8
178,8,8
179,8,5
180,9,9
181,9,5
182,9,9
183,9,5
184,9,9
185,9,9
186,9,9
187,9,9
188,9,9
189,9,1
190,9,9
191,9,9
192,9,9
193,9,9
194,9,9
195,9,9
196,9,3
197,9,9
198,9,5
199,9,9
200,0,0
201,0,0
202,0,0
203,0,0
204,0,0
205,0,0
206,0,0
207,0,0
208,0,0
209,0,0
210,0,0
211,0,0
212,0,0
213,0,0
214,0,0
215,0,0
216,0,0
217,0,0
218,0,0
219,0,0
220,1,1
221,1,1
222,1,1
223,1,1
224,1,1
225,1,1
226,1,1
227,1,1
228,1,1
229,1,1
230,1,1
231,1,1
232,1,1
233,1,1
234,1,1
235,1,1
236,1,1
237,1,1
238,1,1
239,1,1
240,2,2
241,2,2
242,2,2
243,2,2
244,2,2
245,2,2
246,2,2
247,2,2
248,2,2
249,2,2
250,2,2
251,2,2
252,2,2
253,2,2
254,2,2
255,2,2
256,2,9
257,2,2
258,2,2
259,2,2
260,3,3
261,3,3
262,3,3
263,3,3
264,3,3
265,3,5
266,3,3
267,3,3
268,3,3
269,3,3
270,3,3
271,3,3
272,3,3
273,3,3
274,3,3
275,3,3
276,3,3
277,3,3
278,3,3
279,3,3
280,4,4
281,4,4
282,4,1
283,4,4
284,4,4
285,4,6
286,4,4
287,4,4
288,4,4
289,4,4
290,4,4
291,4,4
292,4,4
293,4,4
294,4,4
295,4,4
296,4,4
297,4,4
298,4,4
299,4,4
300,5,5
301,5,5
302,5,5
303,5,5
304,5,5
305,5,5
306,5,5
307,5,5
308,5,5
309,5,5
310,5,5
311,5,5
312,5,5
313,5,5
314,5,5
315,5,5
316,5,5
317,5,5
318,5,5
319,5,5
320,6,6
321,6,6
322,6,6
323,6,6
324,6,6
325,6,6
326,6,6
327,6,6
328,6,6
329,6,6
330,6,6
331,6,6
332,6,6
333,6,6
334,6,6
335,6,6
336,6,6
337,6,6
338,6,6
339,6,6
340,7,7
341,7,7
342,7,1
343,7,7
344,7,7
345,7,7
346,7,1
347,7,7
348,7,7
349,7,7
350,7,7
351,7,7
352,7,7
353,7,1
354,7,7
355,7,7
356,7,7
357,7,7
358,7,7
359,7,7
360,8,8
361,8,8
362,8,8
363,8,8
364,8,8
365,8,8
366,8,8
367,8,8
368,8,8
369,8,8
370,8,8
371,8,8
372,8,8
373,8,8
374,8,8
375,8,2
376,8,8
377,8,2
378,8,3
379,9,9
380,9,3
381,9,9
382,9,0
383,9,9
384,9,9
385,9,9
386,9,3
387,9,9
388,9,7
389,9,9
390,9,9
391,9,9
392,9,9
393,9,9
394,9,9
395,9,9
396,9,9
397,9,9
398,9,9
399,0,0
400,0,0
401,0,0
402,0,0
403,0,0
404,0,0
405,0,0
406,0,0
407,0,0
408,0,6
409,0,0
410,0,0
411,0,0
412,0,0
413,0,0
414,0,0
415,0,0
416,0,0
417,0,0
418,0,0
419,1,5
420,1,1
421,1,1
422,1,1
423,1,1
424,1,1
425,1,1
426,1,1
427,1,1
428,1,1
429,1,9
430,1,1
431,1,1
432,1,1
433,1,1
434,1,1
435,1,1
436,1,1
437,1,1
438,1,1
439,1,1
440,2,2
441,2,2
442,2,3
443,2,2
444,2,2
445,2,2
446,2,8
447,2,2
448,2,2
449,2,2
450,2,2
451,2,2
452,2,2
453,2,2
454,2,2
455,2,3
456,2,2
457,2,2
458,2,2
459,3,3
460,3,3
461,3,3
462,3,3
463,3,3
464,3,3
465,3,3
466,3,3
467,3,3
468,3,3
469,3,3
470,3,3
471,3,3
472,3,3
473,3,3
474,3,3
475,3,3
476,3,3
477,3,3
478,3,3
479,4,4
480,4,4
481,4,4
482,4,4
483,4,4
484,4,4
485,4,4
486,4,4
487,4,4
488,4,1
489,4,4
490,4,4
491,4,4
492,4,4
493,4,4
494,4,4
495,4,1
496,4,4
497,4,4
498,4,4
499,5,5
500,5,5
501,5,5
502,5,5
503,5,5
504,5,5
505,5,5
506,5,5
507,5,5
508,5,5
509,5,5
510,5,5
511,5,5
512,5,5
513,5,5
514,5,6
515,5,5
516,5,5
517,5,6
518,5,5
519,6,5
520,6,6
521,6,6
522,6,6
523,6,6
524,6,6
525,6,6
526,6,0
527,6,6
528,6,6
529,6,6
530,6,6
531,6,6
532,6,6
533,6,6
534,6,6
535,6,6
536,6,6
537,6,4
538,6,6
539,7,7
540,7,7
541,7,7
542,7,7
543,7,7
544,7,7
545,7,2
546,7,1
547,7,7
548,7,7
549,7,7
550,7,7
551,7,7
552,7,1
553,7,7
554,7,7
555,7,7
556,7,7
557,7,7
558,7,7
559,8,2
560,8,3
561,8,2
562,8,8
563,8,1
564,8,8
565,8,6
566,8,8
567,8,6
568,8,8
569,8,8
570,8,8
571,8,8
572,8,2
573,8,8
574,8,2
575,8,1
576,8,8
577,8,8
578,8,2
579,9,9
580,9,9
581,9,9
582,9,9
583,9,9
584,9,9
585,9,5
586,9,9
587,9,9
588,9,9
589,9,9
590,9,9
591,9,9
592,9,9
593,9,9
594,9,9
595,9,9
596,9,9
597,9,9
598,0,0
599,0,0
600,0,0
601,0,0
602,0,0
603,0,0
604,0,0
605,0,0
606,0,0
607,0,0
608,0,0
609,0,0
610,0,0
611,0,4
612,0,0
613,0,0
614,0,0
615,0,0
616,0,0
617,0,0
618,1,1
619,1,1
620,1,1
621,1,1
622,1,1
623,1,1
624,1,1
625,1,1
626,1,1
627,1,1
628,1,1
629,1,1
630,1,1
631,1,1
632,1,1
633,1,1
634,1,1
635,1,1
636,1,1
637,1,1
638,1,1
639,2,2
640,2,2
641,2,2
642,2,2
643,2,2
644,2,2
645,2,2
646,2,2
647,2,2
648,2,2
649,2,2
650,2,2
651,2,2
652,2,2
653,2,2
654,2,2
655,2,2
656,2,2
657,2,2
658,2,2
659,3,3
660,3,3
661,3,3
662,3,3
663,3,3
664,3,3
665,3,3
666,3,3
667,3,2
668,3,3
669,3,3
670,3,3
671,3,3
672,3,3
673,3,3
674,3,3
675,3,3
676,3,3
677,3,5
678,4,4
679,4,4
680,4,4
681,4,4
682,4,4
683,4,2
684,4,4
685,4,4
686,4,4
687,4,1
688,4,4
689,4,4
690,4,4
691,4,4
692,4,4
693,4,4
694,4,4
695,4,4
696,4,4
697,4,4
698,4,4
699,5,5
700,5,5
701,5,5
702,5,5
703,5,5
704,5,3
705,5,5
706,5,5
707,5,5
708,5,5
709,5,5
710,5,5
711,5,5
712,5,5
713,5,5
714,5,5
715,5,5
716,5,5
717,5,5
718,6,6
719,6,6
720,6,6
721,6,6
722,6,6
723,6,6
724,6,6
725,6,6
726,6,6
727,6,6
728,6,6
729,6,6
730,6,6
731,6,6
732,6,6
733,6,6
734,6,6
735,6,6
736,6,6
737,6,6
738,6,6
739,7,7
740,7,7
741,7,7
742,7,7
743,7,7
744,7,7
745,7,7
746,7,7
747,7,7
748,7,9
749,7,7
750,7,7
751,7,7
752,7,7
753,7,7
754,7,7
755,7,7
756,7,7
757,7,7
758,8,8
759,8,8
760,8,8
761,8,8
762,8,8
763,8,8
764,8,8
765,8,8
766,8,8
767,8,8
768,8,8
769,8,8
770,8,8
771,8,8
772,8,8
773,8,2
774,8,8
775,8,8
776,8,8
777,8,8
778,9,9
779,9,9
780,9,9
781,9,9
782,9,9
783,9,9
784,9,9
785,9,9
786,9,9
787,9,3
788,9,9
789,9,9
790,9,9
791,9,9
792,9,9
793,9,9
794,9,9
795,9,9
796,9,9
797,0,0
798,0,0
799,0,0
800,0,0
801,0,0
802,0,0
803,0,0
804,0,0
805,0,0
806,0,0
807,0,0
808,0,0
809,0,0
810,0,0
811,0,0
812,0,0
813,0,0
814,0,0
815,0,0
816,0,0
817,0,0
818,0,0
819,0,0
820,0,0
821,0,0
822,0,0
823,0,0
824,0,0
825,0,0
826,0,0
827,0,0
828,0,0
829,0,0
830,0,0
831,0,0
832,0,0
833,0,0
834,0,0
835,0,0
836,0,0
837,0,0
838,1,1
839,1,1
840,1,1
841,1,1
842,1,1
843,1,1
844,1,1
845,1,1
846,1,1
847,1,1
848,1,1
849,1,1
850,1,1
851,1,1
852,1,3
853,1,1
854,1,1
855,1,1
856,1,1
857,1,1
858,1,1
859,1,1
860,1,1
861,1,1
862,1,1
863,1,1
864,1,1
865,1,1
866,1,1
867,1,1
868,1,1
869,1,1
870,1,1
871,1,1
872,1,1
873,1,1
874,1,1
875,1,1
876,1,1
877,1,1
878,2,2
879,2,2
880,2,2
881,2,2
882,2,2
883,2,2
884,2,2
885,2,2
886,2,2
887,2,2
888,2,2
889,2,2
890,2,2
891,2,2
892,2,2
893,2,2
894,2,2
895,2,2
896,2,2
897,2,2
898,2,2
899,2,2
900,2,2
901,2,2
902,2,7
903,2,2
904,2,2
905,2,2
906,2,2
907,2,2
908,2,2
909,2,2
910,2,2
911,2,2
912,2,2
913,2,2
914,2,2
915,2,2
916,2,2
917,2,2
918,3,3
919,3,3
920,3,3
921,3,3
922,3,3
923,3,3
924,3,3
925,3,3
926,3,3
927,3,3
928,3,3
929,3,3
930,3,3
931,3,3
932,3,3
933,3,3
934,3,3
935,3,3
936,3,8
937,3,3
938,3,3
939,3,5
940,3,3
941,3,3
942,3,3
943,3,3
944,3,3
945,3,3
946,3,3
947,3,3
948,3,3
949,3,3
950,3,3
951,3,3
952,3,3
953,3,3
954,3,3
955,3,3
956,3,3
957,3,3
958,4,4
959,4,4
960,4,4
961,4,4
962,4,4
963,4,1
964,4,4
965,4,4
966,4,4
967,4,4
968,4,4
969,4,4
970,4,4
971,4,4
972,4,4
973,4,4
974,4,4
975,4,4
976,4,4
977,4,4
978,4,4
979,4,4
980,4,4
981,4,4
982,4,4
983,4,4
984,4,4
985,4,4
986,4,7
987,4,4
988,4,4
989,4,4
990,4,4
991,4,4
992,4,4
993,4,4
994,4,4
995,4,4
996,4,4
997,4,4
998,5,5
999,5,5
1000,5,5
1001,5,5
1002,5,5
1003,5,5
1004,5,5
1005,5,5
1006,5,5
1007,5,5
1008,5,5
1009,5,5
1010,5,5
1011,5,6
1012,5,5
1013,5,5
1014,5,6
1015,5,5
1016,5,4
1017,5,5
1018,5,5
1019,5,5
1020,5,5
1021,5,5
1022,5,5
1023,5,5
1024,5,5
1025,5,5
1026,5,5
1027,5,5
1028,5,5
1029,5,5
1030,5,5
1031,5,5
1032,5,5
1033,5,5
1034,5,5
1035,5,1
1036,5,5
1037,5,5
1038,6,6
1039,6,6
1040,6,6
1041,6,6
1042,6,6
1043,6,6
1044,6,6
1045,6,6
1046,6,6
1047,6,5
1048,6,6
1049,6,6
1050,6,6
1051,6,6
1052,6,6
1053,6,6
1054,6,6
1055,6,4
1056,6,6
1057,6,6
1058,6,6
1059,6,6
1060,6,6
1061,6,6
1062,6,6
1063,6,6
1064,6,6
1065,6,6
1066,6,6
1067,6,6
1068,6,6
1069,6,6
1070,6,6
1071,6,6
1072,6,6
1073,6,6
1074,6,6
1075,6,6
1076,6,6
1077,6,6
1078,7,7
1079,7,7
1080,7,7
1081,7,7
1082,7,7
1083,7,7
1084,7,7
1085,7,7
1086,7,7
1087,7,7
1088,7,7
1089,7,7
1090,7,7
1091,7,7
1092,7,7
1093,7,7
1094,7,7
1095,7,7
1096,7,7
1097,7,7
1098,7,7
1099,7,7
1100,7,7
1101,7,7
1102,7,7
1103,7,7
1104,7,7
1105,7,7
1106,7,7
1107,7,7
1108,7,7
1109,7,1
1110,7,7
1111,7,7
1112,7,7
1113,7,7
1114,7,7
1115,7,7
1116,7,7
1117,8,8
1118,8,8
1119,8,8
1120,8,8
1121,8,9
1122,8,8
1123,8,8
1124,8,8
1125,8,8
1126,8,8
1127,8,8
1128,8,8
1129,8,8
1130,8,8
1131,8,6
1132,8,8
1133,8,8
1134,8,8
1135,8,8
1136,8,2
1137,8,8
1138,8,8
1139,8,8
1140,8,8
1141,8,8
1142,8,3
1143,8,8
1144,8,9
1145,8,8
1146,8,8
1147,8,0
1148,8,2
1149,8,8
1150,8,8
1151,8,8
1152,8,8
1153,8,8
1154,8,8
1155,8,8
1156,9,9
1157,9,1
1158,9,9
1159,9,5
1160,9,9
1161,9,9
1162,9,9
1163,9,9
1164,9,3
1165,9,3
1166,9,9
1167,9,9
1168,9,9
1169,9,9
1170,9,8
1171,9,9
1172,9,9
1173,9,3
1174,9,4
1175,9,8
1176,9,9
1177,9,9
1178,9,9
1179,9,9
1180,9,9
1181,9,9
1182,9,3
1183,9,9
1184,9,9
1185,9,9
1186,9,9
1187,9,9
1188,9,5
1189,9,6
1190,9,3
1191,9,9
1192,9,9
1193,9,9
1194,9,9
1195,9,9
1196,0,0
1197,0,6
1198,0,0
1199,0,0
1200,0,0
1201,0,0
1202,0,0
1203,0,0
1204,0,0
1205,0,0
1206,0,0
1207,0,0
1208,0,0
1209,0,0
1210,0,0
1211,0,0
1212,0,0
1213,0,0
1214,0,0
1215,0,0
1216,0,0
1217,0,0
1218,0,0
1219,0,0
1220,0,0
1221,0,0
1222,0,0
1223,0,0
1224,0,0
1225,0,0
1226,0,0
1227,0,0
1228,0,0
1229,0,0
1230,0,0
1231,0,0
1232,0,0
1233,0,0
1234,0,0
1235,0,0
1236,1,1
1237,1,1
1238,1,1
1239,1,1
1240,1,1
1241,1,1
1242,1,1
1243,1,1
1244,1,1
1245,1,1
1246,1,1
1247,1,1
1248,1,1
1249,1,1
1250,1,3
1251,1,1
1252,1,1
1253,1,1
1254,1,1
1255,1,1
1256,1,1
1257,1,1
1258,1,2
1259,1,1
1260,1,1
1261,1,1
1262,1,5
1263,1,1
1264,1,1
1265,1,1
1266,1,1
1267,1,1
1268,1,1
1269,1,1
1270,1,1
1271,1,1
1272,1,1
1273,1,1
1274,1,1
1275,1,1
1276,2,2
1277,2,2
1278,2,2
1279,2,2
1280,2,2
1281,2,2
1282,2,2
1283,2,2
1284,2,2
1285,2,2
1286,2,4
1287,2,2
1288,2,2
1289,2,2
1290,2,2
1291,2,2
1292,2,2
1293,2,2
1294,2,2
1295,2,7
1296,2,2
1297,2,2
1298,2,8
1299,2,2
1300,2,2
1301,2,2
1302,2,1
1303,2,2
1304,2,2
1305,2,2
1306,2,2
1307,2,2
1308,2,2
1309,2,2
1310,2,2
1311,2,1
1312,2,2
1313,2,2
1314,2,2
1315,2,2
1316,3,3
1317,3,3
1318,3,3
1319,3,3
1320,3,3
1321,3,3
1322,3,3
1323,3,9
1324,3,3
1325,3,3
1326,3,3
1327,3,3
1328,3,3
1329,3,3
1330,3,3
1331,3,3
1332,3,3
1333,3,3
1334,3,5
1335,3,3
1336,3,3
1337,3,3
1338,3,3
1339,3,3
1340,3,3
1341,3,3
1342,3,3
1343,3,3
1344,3,3
1345,3,3
1346,3,3
1347,3,3
1348,3,3
1349,3,3
1350,3,7
1351,3,3
1352,3,3
1353,3,3
1354,3,3
1355,3,3
1356,4,4
1357,4,4
1358,4,4
1359,4,4
1360,4,4
1361,4,1
1362,4,1
1363,4,4
1364,4,4
1365,4,4
1366,4,4
1367,4,4
1368,4,4
1369,4,4
1370,4,4
1371,4,4
1372,4,4
1373,4,4
1374,4,4
1375,4,4
1376,4,4
1377,4,4
1378,4,1
1379,4,4
1380,4,4
1381,4,4
1382,4,4
1383,4,4
1384,4,4
1385,4,4
1386,4,4
1387,4,4
1388,4,1
1389,4,4
1390,4,4
1391,4,4
1392,4,4
1393,4,4
1394,4,4
1395,4,4
1396,5,5
1397,5,5
1398,5,5
1399,5,5
1400,5,5
1401,5,5
1402,5,5
1403,5,5
1404,5,5
1405,5,5
1406,5,5
1407,5,5
1408,5,5
1409,5,5
1410,5,6
1411,5,5
1412,5,5
1413,5,5
1414,5,3
1415,5,5
1416,5,5
1417,5,6
1418,5,5
1419,5,5
1420,5,5
1421,5,5
1422,5,5
1423,5,5
1424,5,5
1425,5,5
1426,5,5
1427,5,5
1428,5,5
1429,5,5
1430,5,5
1431,5,5
1432,5,5
1433,5,5
1434,5,5
1435,5,5
1436,6,6
1437,6,6
1438,6,6
1439,6,6
1440,6,6
1441,6,6
1442,6,6
1443,6,6
1444,6,6
1445,6,6
1446,6,6
1447,6,6
1448,6,6
1449,6,6
1450,6,6
1451,6,6
1452,6,6
1453,6,6
1454,6,0
1455,6,6
1456,6,6
1457,6,6
1458,6,6
1459,6,6
1460,6,6
1461,6,6
1462,6,6
1463,6,6
1464,6,6
1465,6,6
1466,6,6
1467,6,6
1468,6,6
1469,6,6
1470,6,6
1471,6,6
1472,6,6
1473,6,6
1474,6,6
1475,6,6
1476,7,7
1477,7,7
1478,7,7
1479,7,7
1480,7,7
1481,7,7
1482,7,7
1483,7,7
1484,7,7
1485,7,7
1486,7,7
1487,7,7
1488,7,7
1489,7,7
1490,7,7
1491,7,7
1492,7,7
1493,7,7
1494,7,7
1495,7,7
1496,7,7
1497,7,7
1498,7,7
1499,7,7
1500,7,7
1501,7,7
1502,7,7
1503,7,7
1504,7,7
1505,7,7
1506,7,1
1507,7,7
1508,7,7
1509,7,7
1510,7,7
1511,7,7
1512,7,7
1513,7,7
1514,7,7
1515,7,7
1516,8,8
1517,8,8
1518,8,8
1519,8,8
1520,8,3
1521,8,8
1522,8,8
1523,8,8
1524,8,8
1525,8,3
1526,8,8
1527,8,8
1528,8,8
1529,8,8
1530,8,2
1531,8,8
1532,8,8
1533,8,8
1534,8,8
1535,8,8
1536,8,8
1537,8,8
1538,8,8
1539,8,8
1540,8,8
1541,8,8
1542,8,2
1543,8,8
1544,8,8
1545,8,8
1546,8,5
1547,8,8
1548,8,8
1549,8,8
1550,8,8
1551,8,8
1552,8,8
1553,8,8
1554,9,9
1555,9,9
1556,9,9
1557,9,5
1558,9,9
1559,9,8
1560,9,9
1561,9,9
1562,9,9
1563,9,1
1564,9,9
1565,9,1
1566,9,9
1567,9,3
1568,9,5
1569,9,9
1570,9,9
1571,9,9
1572,9,9
1573,9,9
1574,9,9
1575,9,3
1576,9,9
1577,9,9
1578,9,3
1579,9,9
1580,9,9
1581,9,9
1582,9,9
1583,9,9
1584,9,9
1585,9,9
1586,9,9
1587,9,9
1588,9,9
1589,9,9
1590,9,3
1591,9,9
1592,9,9
1593,9,3
